<?xml version="1.0" encoding="UTF-8"?>
<project version="4">
  <component name="JavadocGenerationManager">
    <option name="OUTPUT_DIRECTORY" value="C:/Temp" />
    <option name="OPTION_SCOPE" value="protected" />
    <option name="OPTION_HIERARCHY" value="true" />
    <option name="OPTION_NAVIGATOR" value="true" />
    <option name="OPTION_INDEX" value="true" />
    <option name="OPTION_SEPARATE_INDEX" value="true" />
    <option name="OPTION_DOCUMENT_TAG_USE" value="false" />
    <option name="OPTION_DOCUMENT_TAG_AUTHOR" value="false" />
    <option name="OPTION_DOCUMENT_TAG_VERSION" value="false" />
    <option name="OPTION_DOCUMENT_TAG_DEPRECATED" value="true" />
    <option name="OPTION_DEPRECATED_LIST" value="true" />
    <option name="OTHER_OPTIONS" />
    <option name="HEAP_SIZE" />
    <option name="LOCALE" />
    <option name="OPEN_IN_BROWSER" value="true" />
    <option name="OPTION_INCLUDE_LIBS" value="false" />
  </component>
  <component name="ProjectKey">
    <option name="state" value="project://e2804f05-5315-4fc6-a121-c522a6c26470" />
  </component>
  <component name="ProjectRootManager" version="2" languageLevel="JDK_1_8" project-jdk-name="1.8 (2)" project-jdk-type="JavaSDK">
    <output url="file://$PROJECT_DIR$/out" />
  </component>
</project>