<?xml version="1.0" encoding="UTF-8"?>
<project version="4">
  <component name="AnalysisUIOptions">
    <option name="ANALYZE_TEST_SOURCES" value="false" />
  </component>
  <component name="ChangeListManager">
    <list default="true" id="0f3402ca-1095-42a1-a664-c4cbba60dbe4" name="Default" comment="" />
    <ignored path="$PROJECT_DIR$/out/" />
    <option name="EXCLUDED_CONVERTED_TO_IGNORED" value="true" />
    <option name="SHOW_DIALOG" value="false" />
    <option name="HIGHLIGHT_CONFLICTS" value="true" />
    <option name="HIGHLIGHT_NON_ACTIVE_CHANGELIST" value="false" />
    <option name="LAST_RESOLUTION" value="IGNORE" />
  </component>
  <component name="FileEditorManager">
    <leaf SIDE_TABS_SIZE_LIMIT_KEY="300">
      <file pinned="false" current-in-tab="true">
        <entry file="file://$PROJECT_DIR$/TinyWS.xml">
          <provider selected="true" editor-type-id="text-editor">
            <state>
              <caret selection-end-line="8" />
            </state>
          </provider>
        </entry>
      </file>
      <file pinned="false" current-in-tab="false">
        <entry file="file://$PROJECT_DIR$/src/edu/cscc/TinyWS.java">
          <provider selected="true" editor-type-id="text-editor">
            <state relative-caret-position="138">
              <caret line="6" column="13" selection-start-line="6" selection-start-column="13" selection-end-line="6" selection-end-column="13" />
            </state>
          </provider>
        </entry>
      </file>
      <file pinned="false" current-in-tab="false">
        <entry file="file://$PROJECT_DIR$/src/edu/cscc/Config.java">
          <provider selected="true" editor-type-id="text-editor">
            <state relative-caret-position="184">
              <caret line="9" column="13" selection-start-line="9" selection-start-column="13" selection-end-line="9" selection-end-column="13" />
              <folding>
                <element signature="imports" expanded="true" />
              </folding>
            </state>
          </provider>
        </entry>
      </file>
      <file pinned="false" current-in-tab="false">
        <entry file="file://$PROJECT_DIR$/src/edu/cscc/HTTPRequest.java">
          <provider selected="true" editor-type-id="text-editor">
            <state relative-caret-position="345">
              <caret line="19" column="21" selection-start-line="19" selection-start-column="21" selection-end-line="19" selection-end-column="21" />
            </state>
          </provider>
        </entry>
      </file>
      <file pinned="false" current-in-tab="false">
        <entry file="file://$PROJECT_DIR$/src/edu/cscc/RequestHandler.java">
          <provider selected="true" editor-type-id="text-editor">
            <state relative-caret-position="230">
              <caret line="13" column="25" selection-start-line="13" selection-start-column="25" selection-end-line="13" selection-end-column="25" />
              <folding>
                <element signature="imports" expanded="true" />
              </folding>
            </state>
          </provider>
        </entry>
      </file>
      <file pinned="false" current-in-tab="false">
        <entry file="file://$PROJECT_DIR$/src/edu/cscc/ResponseHandler.java">
          <provider selected="true" editor-type-id="text-editor">
            <state relative-caret-position="170">
              <caret line="10" column="48" selection-start-line="10" selection-start-column="48" selection-end-line="10" selection-end-column="48" />
              <folding>
                <element signature="imports" expanded="true" />
              </folding>
            </state>
          </provider>
        </entry>
      </file>
    </leaf>
  </component>
  <component name="FileTemplateManagerImpl">
    <option name="RECENT_TEMPLATES">
      <list>
        <option value="Class" />
        <option value="JUnit5 Test Class" />
        <option value="JUnit4 Test Class" />
      </list>
    </option>
  </component>
  <component name="FindInProjectRecents">
    <findStrings>
      <find>ToyWS</find>
      <find>toy</find>
      <find>setSoTimeout</find>
    </findStrings>
    <dirStrings>
      <dir>C:\CSCC\Projects\Nationwide\CourseDevelopment\SWDevelopment\TinyWS</dir>
    </dirStrings>
  </component>
  <component name="IdeDocumentHistory">
    <option name="CHANGED_PATHS">
      <list>
        <option value="$PROJECT_DIR$/src/edu/cscc/HttpRequest.java" />
        <option value="$PROJECT_DIR$/html/index.html" />
        <option value="$PROJECT_DIR$/ToyWS.xml" />
        <option value="$PROJECT_DIR$/src/edu/cscc/ConfigTest.java" />
        <option value="$PROJECT_DIR$/src/edu/cscc/ToyWS.java" />
        <option value="$PROJECT_DIR$/ToyWS.iml" />
        <option value="$PROJECT_DIR$/src/edu/cscc/ResponseHandlerTest.java" />
        <option value="$PROJECT_DIR$/src/edu/cscc/HTTPRequestTest.java" />
        <option value="$PROJECT_DIR$/TinyWS.xml" />
        <option value="$PROJECT_DIR$/src/edu/cscc/TinyWS.java" />
        <option value="$PROJECT_DIR$/src/edu/cscc/Config.java" />
        <option value="$PROJECT_DIR$/src/edu/cscc/HTTPRequest.java" />
        <option value="$PROJECT_DIR$/src/edu/cscc/RequestHandler.java" />
        <option value="$PROJECT_DIR$/src/edu/cscc/ResponseHandler.java" />
      </list>
    </option>
  </component>
  <component name="ProjectFrameBounds" extendedState="7">
    <option name="x" value="408" />
    <option name="width" value="1764" />
    <option name="height" value="900" />
  </component>
  <component name="ProjectView">
    <navigator proportions="" version="1">
      <foldersAlwaysOnTop value="true" />
    </navigator>
    <panes>
      <pane id="ProjectPane">
        <subPane>
          <expand>
            <path>
              <item name="TinyWS" type="b2602c69:ProjectViewProjectNode" />
              <item name="TinyWS" type="462c0819:PsiDirectoryNode" />
            </path>
          </expand>
          <select />
        </subPane>
      </pane>
      <pane id="Scope" />
      <pane id="PackagesPane" />
    </panes>
  </component>
  <component name="PropertiesComponent">
    <property name="Downloaded.Files.Path.Enabled" value="true" />
    <property name="Repository.Attach.JavaDocs" value="false" />
    <property name="Repository.Attach.Sources" value="false" />
    <property name="SearchEverywhereHistoryKey" value="Config config;&#9;null&#9;null&#10;respons&#9;FILE&#9;jar://C:/Program Files/Java/jdk1.8.0_151/jre/lib/rt.jar!/javax/smartcardio/ResponseAPDU.class" />
    <property name="com.intellij.testIntegration.createTest.CreateTestDialog.defaultLibrary" value="JUnit4" />
    <property name="create.test.in.the.same.root" value="true" />
    <property name="full.screen.before.presentation.mode" value="false" />
    <property name="last_opened_file_path" value="$PROJECT_DIR$" />
    <property name="settings.editor.selected.configurable" value="editor.preferences.smartKeys" />
  </component>
  <component name="RecentsManager">
    <key name="CreateTestDialog.RecentsKey">
      <recent name="edu.cscc" />
    </key>
    <key name="CreateTestDialog.Recents.Supers">
      <recent name="" />
    </key>
    <key name="CopyFile.RECENT_KEYS">
      <recent name="C:\Temp\ToyWS\html" />
    </key>
  </component>
  <component name="RunDashboard">
    <option name="ruleStates">
      <list>
        <RuleState>
          <option name="name" value="ConfigurationTypeDashboardGroupingRule" />
        </RuleState>
        <RuleState>
          <option name="name" value="StatusDashboardGroupingRule" />
        </RuleState>
      </list>
    </option>
  </component>
  <component name="RunManager">
    <configuration name="Main" type="Application" factoryName="Application" temporary="true">
      <option name="MAIN_CLASS_NAME" value="edu.cscc.TinyWS" />
      <module name="TinyWS" />
      <option name="WORKING_DIRECTORY" value="file://$PROJECT_DIR$" />
      <RunnerSettings RunnerId="Run" />
      <ConfigurationWrapper RunnerId="Run" />
      <method v="2">
        <option name="Make" enabled="true" />
      </method>
    </configuration>
    <configuration default="true" type="JetRunConfigurationType" factoryName="Kotlin">
      <module name="ToyWS" />
      <option name="VM_PARAMETERS" />
      <option name="PROGRAM_PARAMETERS" />
      <option name="ALTERNATIVE_JRE_PATH_ENABLED" value="false" />
      <option name="ALTERNATIVE_JRE_PATH" />
      <option name="PASS_PARENT_ENVS" value="true" />
      <option name="MAIN_CLASS_NAME" />
      <option name="WORKING_DIRECTORY" />
      <method v="2">
        <option name="Make" enabled="true" />
      </method>
    </configuration>
    <recent_temporary>
      <list>
        <item itemvalue="Application.Main" />
      </list>
    </recent_temporary>
  </component>
  <component name="SvnConfiguration">
    <configuration />
  </component>
  <component name="TaskManager">
    <task active="true" id="Default" summary="Default task">
      <changelist id="0f3402ca-1095-42a1-a664-c4cbba60dbe4" name="Default" comment="" />
      <created>1525116467055</created>
      <option name="number" value="Default" />
      <option name="presentableId" value="Default" />
      <updated>1525116467055</updated>
    </task>
    <servers />
  </component>
  <component name="TestHistory">
    <history-entry file="HTTPRequestTest - 2018.09.10 at 08h 15m 17s.xml">
      <configuration name="HTTPRequestTest" configurationId="JUnit" />
    </history-entry>
    <history-entry file="HTTPRequestTest - 2018.09.10 at 08h 17m 59s.xml">
      <configuration name="HTTPRequestTest" configurationId="JUnit" />
    </history-entry>
    <history-entry file="HTTPRequestTest - 2018.09.10 at 08h 20m 23s.xml">
      <configuration name="HTTPRequestTest" configurationId="JUnit" />
    </history-entry>
    <history-entry file="HTTPRequestTest - 2018.09.10 at 09h 58m 42s.xml">
      <configuration name="HTTPRequestTest" configurationId="JUnit" />
    </history-entry>
    <history-entry file="HTTPRequestTest - 2018.09.10 at 09h 58m 54s.xml">
      <configuration name="HTTPRequestTest" configurationId="JUnit" />
    </history-entry>
    <history-entry file="HTTPRequestTest - 2018.09.10 at 09h 59m 33s.xml">
      <configuration name="HTTPRequestTest" configurationId="JUnit" />
    </history-entry>
    <history-entry file="HTTPRequestTest - 2018.09.10 at 10h 45m 34s.xml">
      <configuration name="HTTPRequestTest" configurationId="JUnit" />
    </history-entry>
    <history-entry file="HTTPRequestTest - 2018.09.10 at 10h 46m 00s.xml">
      <configuration name="HTTPRequestTest" configurationId="JUnit" />
    </history-entry>
    <history-entry file="HTTPRequestTest - 2018.09.10 at 13h 56m 19s.xml">
      <configuration name="HTTPRequestTest" configurationId="JUnit" />
    </history-entry>
    <history-entry file="HTTPRequestTest - 2018.09.10 at 14h 17m 27s.xml">
      <configuration name="HTTPRequestTest" configurationId="JUnit" />
    </history-entry>
  </component>
  <component name="ToolWindowManager">
    <frame x="-1" y="-1" width="1922" height="977" extended-state="7" />
    <layout>
      <window_info active="true" content_ui="combo" id="Project" order="0" visible="true" weight="0.18317358" />
      <window_info id="Structure" order="1" weight="0.25" />
      <window_info id="Capture Tool" order="2" />
      <window_info id="Designer" order="3" />
      <window_info id="UI Designer" order="4" />
      <window_info id="Favorites" order="5" side_tool="true" />
      <window_info id="Image Layers" order="6" />
      <window_info anchor="bottom" id="Message" order="0" />
      <window_info anchor="bottom" id="Find" order="1" weight="0.32868218" />
      <window_info anchor="bottom" id="Run" order="2" weight="0.41387856" />
      <window_info anchor="bottom" id="Debug" order="3" weight="0.39900866" />
      <window_info anchor="bottom" id="Cvs" order="4" weight="0.25" />
      <window_info anchor="bottom" id="Inspection" order="5" weight="0.4" />
      <window_info anchor="bottom" id="TODO" order="6" />
      <window_info anchor="bottom" id="Event Log" order="7" side_tool="true" />
      <window_info anchor="bottom" id="Version Control" order="8" show_stripe_button="false" />
      <window_info anchor="bottom" id="Terminal" order="9" />
      <window_info anchor="bottom" id="Messages" order="10" weight="0.32624114" />
      <window_info anchor="right" id="Maven" />
      <window_info anchor="right" id="Commander" order="0" weight="0.4" />
      <window_info anchor="right" id="Ant Build" order="1" weight="0.25" />
      <window_info anchor="right" content_ui="combo" id="Hierarchy" order="2" weight="0.25" />
      <window_info anchor="right" id="Palette" order="3" />
      <window_info anchor="right" id="Maven Projects" order="4" />
      <window_info anchor="right" id="Capture Analysis" order="5" />
      <window_info anchor="right" id="Theme Preview" order="6" />
      <window_info anchor="right" id="Palette&#9;" order="7" />
    </layout>
  </component>
  <component name="editorHistoryManager">
    <entry file="file://$PROJECT_DIR$/src/edu/cscc/Main.java" />
    <entry file="jar://C:/Program Files/Java/jdk1.8.0_151/jre/lib/rt.jar!/javax/smartcardio/ResponseAPDU.class" />
    <entry file="file://$PROJECT_DIR$/TinyWS.iml">
      <provider selected="true" editor-type-id="text-editor">
        <state relative-caret-position="136">
          <caret line="8" column="55" selection-start-line="8" selection-start-column="55" selection-end-line="8" selection-end-column="55" />
        </state>
      </provider>
    </entry>
    <entry file="file://$PROJECT_DIR$/src/edu/cscc/ResponseHandlerTest.java" />
    <entry file="file://$PROJECT_DIR$/html/index.html">
      <provider selected="true" editor-type-id="text-editor">
        <state relative-caret-position="102">
          <caret line="6" column="54" selection-start-line="6" selection-start-column="54" selection-end-line="6" selection-end-column="54" />
        </state>
      </provider>
    </entry>
    <entry file="file://$PROJECT_DIR$/src/edu/cscc/HTTPRequestTest.java" />
    <entry file="file://$PROJECT_DIR$/src/edu/cscc/ConfigTest.java" />
    <entry file="file://$PROJECT_DIR$/src/edu/cscc/TinyWS.java">
      <provider selected="true" editor-type-id="text-editor">
        <state relative-caret-position="138">
          <caret line="6" column="13" selection-start-line="6" selection-start-column="13" selection-end-line="6" selection-end-column="13" />
        </state>
      </provider>
    </entry>
    <entry file="file://$PROJECT_DIR$/src/edu/cscc/Config.java">
      <provider selected="true" editor-type-id="text-editor">
        <state relative-caret-position="184">
          <caret line="9" column="13" selection-start-line="9" selection-start-column="13" selection-end-line="9" selection-end-column="13" />
          <folding>
            <element signature="imports" expanded="true" />
          </folding>
        </state>
      </provider>
    </entry>
    <entry file="file://$PROJECT_DIR$/src/edu/cscc/HTTPRequest.java">
      <provider selected="true" editor-type-id="text-editor">
        <state relative-caret-position="345">
          <caret line="19" column="21" selection-start-line="19" selection-start-column="21" selection-end-line="19" selection-end-column="21" />
        </state>
      </provider>
    </entry>
    <entry file="file://$PROJECT_DIR$/src/edu/cscc/RequestHandler.java">
      <provider selected="true" editor-type-id="text-editor">
        <state relative-caret-position="230">
          <caret line="13" column="25" selection-start-line="13" selection-start-column="25" selection-end-line="13" selection-end-column="25" />
          <folding>
            <element signature="imports" expanded="true" />
          </folding>
        </state>
      </provider>
    </entry>
    <entry file="file://$PROJECT_DIR$/src/edu/cscc/ResponseHandler.java">
      <provider selected="true" editor-type-id="text-editor">
        <state relative-caret-position="170">
          <caret line="10" column="48" selection-start-line="10" selection-start-column="48" selection-end-line="10" selection-end-column="48" />
          <folding>
            <element signature="imports" expanded="true" />
          </folding>
        </state>
      </provider>
    </entry>
    <entry file="file://$PROJECT_DIR$/TinyWS.xml">
      <provider selected="true" editor-type-id="text-editor">
        <state>
          <caret selection-end-line="8" />
        </state>
      </provider>
    </entry>
  </component>
</project>